,from,to,pval,fdr,value
1,mean_AT1G17460-AT5G57150-AT5G60100-AT5G48250-AT3G62090-AT5G63160-AT3G11020-AT1G11100-AT1G67370-AT1G74890,AT5G59320,0.000999000999000999,0.00403442711135019,2
2,mean_AT1G17460-AT5G57150-AT5G60100-AT5G48250-AT3G62090-AT5G63160-AT3G11020-AT1G11100-AT1G67370-AT1G74890,AT4G18980,0.001998001998002,0.00659717640849716,2
3,mean_AT5G39610-AT3G15500,AT4G18980,0.00699300699300699,0.0124875124875125,2
4,mean_AT1G17460-AT5G57150-AT5G60100-AT5G48250-AT3G62090-AT5G63160-AT3G11020-AT1G11100-AT1G67370-AT1G74890,AT5G59310,0.000999000999000999,0.00403442711135019,2
5,mean_AT1G17460-AT5G57150-AT5G60100-AT5G48250-AT3G62090-AT5G63160-AT3G11020-AT1G11100-AT1G67370-AT1G74890,AT5G13170,0.001998001998002,0.00659717640849716,2
6,AT1G07050,AT5G13170,0.000999000999000999,0.00403442711135019,2
7,AT2G41240,AT1G47400,0.001998001998002,0.00659717640849716,2
8,AT2G40740,AT1G47400,0.012987012987013,0.0177095631641086,2
9,AT4G32280,AT2G43870,0.001998001998002,0.00659717640849716,2
10,AT1G62300,AT2G43870,0.016983016983017,0.0218531468531469,2
11,AT3G51910,AT2G43870,0.002997002997003,0.00815246929236567,2
12,mean_AT1G17460-AT5G57150-AT5G60100-AT5G48250-AT3G62090-AT5G63160-AT3G11020-AT1G11100-AT1G67370-AT1G74890,AT3G21460,0.002997002997003,0.00815246929236567,2
13,AT5G24330,AT3G21460,0.016983016983017,0.0218531468531469,2
14,mean_AT2G26150-AT3G24500-AT4G11660-AT5G05410-AT3G23150,AT3G21460,0.014985014985015,0.0196187852048201,2
15,AT5G44210,AT3G28635,0.000999000999000999,0.00403442711135019,2
16,mean_AT1G78930-AT5G44260,AT3G28635,0.004995004995005,0.0107916774583441,2
17,AT4G32280,AT5G18050,0.002997002997003,0.00815246929236567,2
18,AT3G51910,AT5G18050,0.001998001998002,0.00659717640849716,2
19,mean_AT1G17460-AT5G57150-AT5G60100-AT5G48250-AT3G62090-AT5G63160-AT3G11020-AT1G11100-AT1G67370-AT1G74890,AT1G22690,0.001998001998002,0.00659717640849716,2
20,mean_AT2G26150-AT3G24500-AT4G11660-AT5G05410-AT3G23150,AT1G22690,0.00799200799200799,0.0133200133200133,2
21,AT3G14740,AT1G22690,0.011988011988012,0.0168280916944019,2
22,mean_AT1G17460-AT5G57150-AT5G60100-AT5G48250-AT3G62090-AT5G63160-AT3G11020-AT1G11100-AT1G67370-AT1G74890,AT4G02850,0.000999000999000999,0.00403442711135019,2
23,AT5G24330,AT4G02850,0.00799200799200799,0.0133200133200133,2
24,AT4G32280,AT1G66930,0.003996003996004,0.00966775160323547,2
25,AT3G51910,AT1G66930,0.00999000999000999,0.0151582521524718,2
26,mean_AT1G17460-AT5G57150-AT5G60100-AT5G48250-AT3G62090-AT5G63160-AT3G11020-AT1G11100-AT1G67370-AT1G74890,AT5G15250,0.00899100899100899,0.0143910967081699,2
27,AT1G07050,AT5G15250,0.003996003996004,0.00966775160323547,2
28,AT3G51910,AT3G50970,0.000999000999000999,0.00403442711135019,2
29,mean_AT5G39610-AT3G15500,AT2G23110,0.000999000999000999,0.00403442711135019,2
30,AT1G07050,AT1G76470,0.000999000999000999,0.00403442711135019,2
31,AT4G32280,AT1G75830,0.000999000999000999,0.00403442711135019,2
32,mean_AT1G17460-AT5G57150-AT5G60100-AT5G48250-AT3G62090-AT5G63160-AT3G11020-AT1G11100-AT1G67370-AT1G74890,AT4G08570,0.002997002997003,0.00815246929236567,2
33,mean_AT1G17460-AT5G57150-AT5G60100-AT5G48250-AT3G62090-AT5G63160-AT3G11020-AT1G11100-AT1G67370-AT1G74890,AT1G52990,0.000999000999000999,0.00403442711135019,2
34,AT5G43290,AT1G52990,0.002997002997003,0.00815246929236567,2
35,AT1G62300,AT4G32280,0.001998001998002,0.00659717640849716,2
36,AT3G51910,AT4G32280,0.001998001998002,0.00659717640849716,2
37,AT5G44210,AT3G09940,0.002997002997003,0.00815246929236567,2
38,mean_AT1G17460-AT5G57150-AT5G60100-AT5G48250-AT3G62090-AT5G63160-AT3G11020-AT1G11100-AT1G67370-AT1G74890,AT2G30010,0.000999000999000999,0.00403442711135019,2
39,mean_AT5G24110-AT3G12910-AT5G56960-AT2G37430,AT3G20395,0.013986013986014,0.0185420639966094,2
40,AT3G51910,AT3G20395,0.002997002997003,0.00815246929236567,2
41,mean_AT2G26150-AT3G24500-AT4G11660-AT5G05410-AT3G23150,AT3G20395,0.00999000999000999,0.0151582521524718,2
42,AT4G28140,AT1G32950,0.000999000999000999,0.00403442711135019,2
43,mean_AT1G17460-AT5G57150-AT5G60100-AT5G48250-AT3G62090-AT5G63160-AT3G11020-AT1G11100-AT1G67370-AT1G74890,AT2G27402,0.001998001998002,0.00659717640849716,2
44,AT3G14740,AT2G27402,0.004995004995005,0.0107916774583441,2
45,mean_AT2G26150-AT3G24500-AT4G11660-AT5G05410-AT3G23150,AT2G27402,0.00599400599400599,0.0117859668421466,2
46,AT3G46640,AT1G75750,0.00699300699300699,0.0124875124875125,2
47,mean_AT5G24110-AT3G12910-AT5G56960-AT2G37430,AT1G75750,0.00999000999000999,0.0151582521524718,2
48,AT5G24330,AT5G16080,0.001998001998002,0.00659717640849716,2
49,AT4G21550,AT5G16080,0.004995004995005,0.0107916774583441,2
50,AT3G14740,AT2G21650,0.011988011988012,0.0168280916944019,2
51,mean_AT1G17460-AT5G57150-AT5G60100-AT5G48250-AT3G62090-AT5G63160-AT3G11020-AT1G11100-AT1G67370-AT1G74890,AT2G21650,0.003996003996004,0.00966775160323547,2
52,mean_AT2G26150-AT3G24500-AT4G11660-AT5G05410-AT3G23150,AT2G21650,0.011988011988012,0.0168280916944019,2
53,AT3G51910,AT1G54040,0.00799200799200799,0.0133200133200133,2
54,mean_AT5G24110-AT3G12910-AT5G56960-AT2G37430,AT1G54040,0.00999000999000999,0.0151582521524718,2
55,mean_AT2G26150-AT3G24500-AT4G11660-AT5G05410-AT3G23150,AT1G54040,0.00599400599400599,0.0117859668421466,2
56,AT3G51910,AT3G53250,0.001998001998002,0.00659717640849716,2
57,AT4G32280,AT3G53250,0.00699300699300699,0.0124875124875125,2
58,AT5G43290,AT3G23550,0.000999000999000999,0.00403442711135019,2
59,mean_AT4G01720-AT5G46350,AT3G23550,0.002997002997003,0.00815246929236567,2
60,mean_AT1G17460-AT5G57150-AT5G60100-AT5G48250-AT3G62090-AT5G63160-AT3G11020-AT1G11100-AT1G67370-AT1G74890,AT2G21820,0.000999000999000999,0.00403442711135019,2
61,AT1G07050,AT1G16370,0.00599400599400599,0.0117859668421466,2
62,mean_AT1G17460-AT5G57150-AT5G60100-AT5G48250-AT3G62090-AT5G63160-AT3G11020-AT1G11100-AT1G67370-AT1G74890,AT1G16370,0.022977022977023,0.0283167536688663,2
63,AT4G21550,AT5G24330,0.000999000999000999,0.00403442711135019,2
64,mean_AT2G26150-AT3G24500-AT4G11660-AT5G05410-AT3G23150,AT1G80660,0.000999000999000999,0.00403442711135019,2
65,AT4G00870,ATMG00030,0.00999000999000999,0.0151582521524718,2
66,mean_AT1G17460-AT5G57150-AT5G60100-AT5G48250-AT3G62090-AT5G63160-AT3G11020-AT1G11100-AT1G67370-AT1G74890,AT5G48490,0.001998001998002,0.00659717640849716,2
67,mean_AT4G01720-AT5G46350,AT5G51465,0.000999000999000999,0.00403442711135019,2
68,AT5G43290,AT5G51465,0.003996003996004,0.00966775160323547,2
69,AT4G21550,AT1G55940,0.000999000999000999,0.00403442711135019,2
70,AT4G00870,AT1G28135,0.000999000999000999,0.00403442711135019,2
71,AT1G01060,AT2G28560,0.00799200799200799,0.0133200133200133,2
72,AT3G46640,AT2G28560,0.000999000999000999,0.00403442711135019,2
73,AT5G24330,AT5G38930,0.014985014985015,0.0196187852048201,2
74,AT4G21550,AT5G38930,0.030969030969031,0.0376359751359751,2
75,AT4G21550,AT5G13230,0.000999000999000999,0.00403442711135019,2
76,mean_AT1G17460-AT5G57150-AT5G60100-AT5G48250-AT3G62090-AT5G63160-AT3G11020-AT1G11100-AT1G67370-AT1G74890,AT5G65690,0.002997002997003,0.00815246929236567,2
77,AT5G44210,AT5G65690,0.021978021978022,0.0272133526850508,2
78,mean_AT1G17460-AT5G57150-AT5G60100-AT5G48250-AT3G62090-AT5G63160-AT3G11020-AT1G11100-AT1G67370-AT1G74890,AT1G60970,0.001998001998002,0.00659717640849716,2
79,mean_AT5G39610-AT3G15500,AT1G60970,0.002997002997003,0.00815246929236567,2
80,mean_AT1G78930-AT5G44260,AT3G46700,0.000999000999000999,0.00403442711135019,2
81,AT2G33710,mean_AT5G24110-AT3G12910-AT5G56960-AT2G37430,0.016983016983017,0.0218531468531469,2
82,AT1G62300,mean_AT5G24110-AT3G12910-AT5G56960-AT2G37430,0.020979020979021,0.0262863628018759,2
83,mean_AT4G01720-AT5G46350,mean_AT5G24110-AT3G12910-AT5G56960-AT2G37430,0.004995004995005,0.0107916774583441,2
84,AT2G40740,mean_AT5G24110-AT3G12910-AT5G56960-AT2G37430,0.011988011988012,0.0168280916944019,2
85,AT2G33710,AT1G51800,0.000999000999000999,0.00403442711135019,2
86,mean_AT1G17460-AT5G57150-AT5G60100-AT5G48250-AT3G62090-AT5G63160-AT3G11020-AT1G11100-AT1G67370-AT1G74890,AT4G27670,0.000999000999000999,0.00403442711135019,2
87,mean_AT1G17460-AT5G57150-AT5G60100-AT5G48250-AT3G62090-AT5G63160-AT3G11020-AT1G11100-AT1G67370-AT1G74890,AT2G34080,0.000999000999000999,0.00403442711135019,2
88,AT3G14740,AT5G45630,0.00699300699300699,0.0124875124875125,2
89,AT5G03720,AT5G45630,0.00699300699300699,0.0124875124875125,2
90,AT3G07650,AT5G45630,0.004995004995005,0.0107916774583441,2
91,AT3G46640,AT4G19430,0.000999000999000999,0.00403442711135019,2
92,AT3G51910,AT4G19430,0.00699300699300699,0.0124875124875125,2
93,mean_AT5G24110-AT3G12910-AT5G56960-AT2G37430,AT4G19430,0.00899100899100899,0.0143910967081699,2
94,mean_AT2G26150-AT3G24500-AT4G11660-AT5G05410-AT3G23150,AT4G19430,0.00699300699300699,0.0124875124875125,2
95,AT5G24330,AT5G45700,0.000999000999000999,0.00403442711135019,2
96,AT4G21550,AT5G45700,0.00999000999000999,0.0151582521524718,2
97,mean_AT1G17460-AT5G57150-AT5G60100-AT5G48250-AT3G62090-AT5G63160-AT3G11020-AT1G11100-AT1G67370-AT1G74890,AT5G45700,0.00999000999000999,0.0151582521524718,2
98,AT3G23230,AT1G56240,0.000999000999000999,0.00403442711135019,2
99,mean_AT1G17460-AT5G57150-AT5G60100-AT5G48250-AT3G62090-AT5G63160-AT3G11020-AT1G11100-AT1G67370-AT1G74890,AT5G04380,0.004995004995005,0.0107916774583441,2
100,AT5G43290,AT5G04380,0.010989010989011,0.0160702806942361,2
101,mean_AT5G24110-AT3G12910-AT5G56960-AT2G37430,AT2G40740,0.012987012987013,0.0177095631641086,2
102,AT1G62300,AT2G40740,0.027972027972028,0.0341518946170109,2
103,mean_AT4G01720-AT5G46350,AT2G40740,0.034965034965035,0.0423940955118784,2
104,AT4G00870,ATMG00510,0.000999000999000999,0.00403442711135019,2
105,AT3G51910,AT5G55620,0.003996003996004,0.00966775160323547,2
106,AT1G62300,AT5G55620,0.00599400599400599,0.0117859668421466,2
107,AT4G32280,AT5G55620,0.004995004995005,0.0107916774583441,2
108,mean_AT2G26150-AT3G24500-AT4G11660-AT5G05410-AT3G23150,AT5G55620,0.001998001998002,0.00659717640849716,2
109,mean_AT4G01720-AT5G46350,AT4G25070,0.000999000999000999,0.00403442711135019,2
110,mean_AT5G24110-AT3G12910-AT5G56960-AT2G37430,AT3G22060,0.00799200799200799,0.0133200133200133,2
111,AT3G23230,AT3G22060,0.00999000999000999,0.0151582521524718,2
112,AT1G01060,AT3G22060,0.004995004995005,0.0107916774583441,2
113,AT3G23230,mean_AT4G01720-AT5G46350,0.00899100899100899,0.0143910967081699,2
114,AT1G01060,mean_AT4G01720-AT5G46350,0.00699300699300699,0.0124875124875125,2
115,AT2G33710,mean_AT4G01720-AT5G46350,0.011988011988012,0.0168280916944019,2
116,AT1G07050,AT5G27330,0.000999000999000999,0.00403442711135019,2
117,mean_AT1G17460-AT5G57150-AT5G60100-AT5G48250-AT3G62090-AT5G63160-AT3G11020-AT1G11100-AT1G67370-AT1G74890,AT5G03204,0.000999000999000999,0.00403442711135019,2
118,mean_AT5G39610-AT3G15500,AT5G03204,0.002997002997003,0.00815246929236567,2
119,AT5G44210,AT2G20870,0.000999000999000999,0.00403442711135019,2
120,AT3G07650,AT3G02410,0.001998001998002,0.00659717640849716,2
121,mean_AT4G01720-AT5G46350,AT4G23220,0.000999000999000999,0.00403442711135019,2
122,mean_AT5G24110-AT3G12910-AT5G56960-AT2G37430,AT3G59710,0.000999000999000999,0.00403442711135019,2
123,mean_AT2G26150-AT3G24500-AT4G11660-AT5G05410-AT3G23150,AT3G25100,0.000999000999000999,0.00403442711135019,2
124,mean_AT4G01720-AT5G46350,AT1G02360,0.00799200799200799,0.0133200133200133,2
125,mean_AT5G24110-AT3G12910-AT5G56960-AT2G37430,AT1G02360,0.00599400599400599,0.0117859668421466,2
126,AT3G23230,AT1G02360,0.00699300699300699,0.0124875124875125,2
127,AT2G40740,AT1G02360,0.010989010989011,0.0160702806942361,2
128,AT1G07050,AT1G62510,0.001998001998002,0.00659717640849716,2
129,mean_AT1G17460-AT5G57150-AT5G60100-AT5G48250-AT3G62090-AT5G63160-AT3G11020-AT1G11100-AT1G67370-AT1G74890,AT1G62510,0.001998001998002,0.00659717640849716,2
130,mean_AT1G17460-AT5G57150-AT5G60100-AT5G48250-AT3G62090-AT5G63160-AT3G11020-AT1G11100-AT1G67370-AT1G74890,AT5G54190,0.000999000999000999,0.00403442711135019,2
131,mean_AT2G26150-AT3G24500-AT4G11660-AT5G05410-AT3G23150,AT3G51910,0.002997002997003,0.00815246929236567,2
132,AT1G62300,AT3G51910,0.00699300699300699,0.0124875124875125,2
133,AT4G32280,AT3G51910,0.003996003996004,0.00966775160323547,2
134,mean_AT5G39610-AT3G15500,AT1G44970,0.000999000999000999,0.00403442711135019,2
135,mean_AT5G24110-AT3G12910-AT5G56960-AT2G37430,AT5G57010,0.00799200799200799,0.0133200133200133,2
136,AT2G40740,AT5G57010,0.003996003996004,0.00966775160323547,2
137,mean_AT4G01720-AT5G46350,AT5G57010,0.002997002997003,0.00815246929236567,2
138,mean_AT5G24110-AT3G12910-AT5G56960-AT2G37430,AT1G26420,0.00699300699300699,0.0124875124875125,2
139,AT2G40740,AT1G26420,0.00799200799200799,0.0133200133200133,2
140,AT1G01060,AT1G26420,0.00799200799200799,0.0133200133200133,2
141,AT1G62300,AT1G26420,0.00899100899100899,0.0143910967081699,2
142,mean_AT5G24110-AT3G12910-AT5G56960-AT2G37430,AT4G00970,0.002997002997003,0.00815246929236567,2
143,AT1G62300,AT4G00970,0.004995004995005,0.0107916774583441,2
144,AT3G23230,AT1G26380,0.011988011988012,0.0168280916944019,2
145,mean_AT5G24110-AT3G12910-AT5G56960-AT2G37430,AT1G26380,0.002997002997003,0.00815246929236567,2
146,AT1G62300,AT1G26380,0.014985014985015,0.0196187852048201,2
147,mean_AT1G17460-AT5G57150-AT5G60100-AT5G48250-AT3G62090-AT5G63160-AT3G11020-AT1G11100-AT1G67370-AT1G74890,AT4G14819,0.000999000999000999,0.00403442711135019,2
148,mean_AT4G01720-AT5G46350,AT4G14365,0.000999000999000999,0.00403442711135019,2
149,AT3G46640,AT5G01740,0.000999000999000999,0.00403442711135019,2
150,mean_AT5G39610-AT3G15500,AT4G32480,0.000999000999000999,0.00403442711135019,2
151,mean_AT5G24110-AT3G12910-AT5G56960-AT2G37430,AT4G30910,0.00999000999000999,0.0151582521524718,2
152,mean_AT4G01720-AT5G46350,AT4G30910,0.004995004995005,0.0107916774583441,2
153,AT3G23230,AT4G30910,0.00799200799200799,0.0133200133200133,2
154,AT3G23230,AT3G57240,0.010989010989011,0.0160702806942361,2
155,AT2G40740,AT3G57240,0.015984015984016,0.0207200207200207,2
156,mean_AT5G24110-AT3G12910-AT5G56960-AT2G37430,AT3G57240,0.003996003996004,0.00966775160323547,2
157,AT2G40740,AT1G10040,0.00599400599400599,0.0117859668421466,2
158,AT1G62300,AT1G10040,0.00799200799200799,0.0133200133200133,2
159,AT2G33710,AT1G10040,0.00699300699300699,0.0124875124875125,2
160,mean_AT5G24110-AT3G12910-AT5G56960-AT2G37430,AT1G10040,0.00999000999000999,0.0151582521524718,2
161,AT5G44210,AT2G24850,0.018981018981019,0.0239544109736417,2
162,AT2G40740,AT4G15417,0.00699300699300699,0.0124875124875125,2
163,AT1G62300,AT4G15417,0.002997002997003,0.00815246929236567,2
164,mean_AT2G26150-AT3G24500-AT4G11660-AT5G05410-AT3G23150,AT5G54165,0.000999000999000999,0.00403442711135019,2
165,AT3G51910,AT5G54165,0.002997002997003,0.00815246929236567,2
166,mean_AT1G17460-AT5G57150-AT5G60100-AT5G48250-AT3G62090-AT5G63160-AT3G11020-AT1G11100-AT1G67370-AT1G74890,AT1G07500,0.000999000999000999,0.00403442711135019,2
167,mean_AT5G39610-AT3G15500,AT1G32350,0.002997002997003,0.00815246929236567,2
168,AT1G62300,AT3G04300,0.00699300699300699,0.0124875124875125,2
169,mean_AT5G24110-AT3G12910-AT5G56960-AT2G37430,AT3G04300,0.00599400599400599,0.0117859668421466,2
170,mean_AT5G24110-AT3G12910-AT5G56960-AT2G37430,AT4G23280,0.00899100899100899,0.0143910967081699,2
171,mean_AT4G01720-AT5G46350,AT4G23280,0.013986013986014,0.0185420639966094,2
172,AT2G33710,AT4G23280,0.021978021978022,0.0272133526850508,2
173,AT1G62300,AT4G21120,0.000999000999000999,0.00403442711135019,2
174,AT5G43290,AT2G21840,0.000999000999000999,0.00403442711135019,2
175,mean_AT5G24110-AT3G12910-AT5G56960-AT2G37430,AT2G25297,0.00599400599400599,0.0117859668421466,2
176,AT3G23230,AT2G25297,0.012987012987013,0.0177095631641086,2
177,AT2G40740,AT2G25297,0.00799200799200799,0.0133200133200133,2
178,mean_AT4G01720-AT5G46350,AT1G76994,0.000999000999000999,0.00403442711135019,2
179,AT3G51910,AT1G04180,0.000999000999000999,0.00403442711135019,2
180,AT3G51910,AT1G13470,0.000999000999000999,0.00403442711135019,2
181,mean_AT1G17460-AT5G57150-AT5G60100-AT5G48250-AT3G62090-AT5G63160-AT3G11020-AT1G11100-AT1G67370-AT1G74890,AT5G48310,0.000999000999000999,0.00403442711135019,2
182,AT1G01060,AT4G17660,0.000999000999000999,0.00403442711135019,2
183,mean_AT1G17460-AT5G57150-AT5G60100-AT5G48250-AT3G62090-AT5G63160-AT3G11020-AT1G11100-AT1G67370-AT1G74890,AT1G73040,0.000999000999000999,0.00403442711135019,2
184,mean_AT2G26150-AT3G24500-AT4G11660-AT5G05410-AT3G23150,AT4G14650,0.003996003996004,0.00966775160323547,2
185,mean_AT1G17460-AT5G57150-AT5G60100-AT5G48250-AT3G62090-AT5G63160-AT3G11020-AT1G11100-AT1G67370-AT1G74890,AT4G14650,0.002997002997003,0.00815246929236567,2
186,AT2G40740,AT4G25350,0.000999000999000999,0.00403442711135019,2
187,mean_AT1G17460-AT5G57150-AT5G60100-AT5G48250-AT3G62090-AT5G63160-AT3G11020-AT1G11100-AT1G67370-AT1G74890,AT3G29645,0.000999000999000999,0.00403442711135019,2
188,mean_AT1G78930-AT5G44260,AT3G04220,0.000999000999000999,0.00403442711135019,2
189,mean_AT5G24110-AT3G12910-AT5G56960-AT2G37430,AT3G26500,0.010989010989011,0.0160702806942361,2
190,mean_AT4G01720-AT5G46350,AT3G26500,0.003996003996004,0.00966775160323547,2
191,AT2G40740,AT3G26500,0.004995004995005,0.0107916774583441,2
192,AT1G01060,AT3G26500,0.013986013986014,0.0185420639966094,2
193,AT2G40740,AT1G58225,0.000999000999000999,0.00403442711135019,2
194,mean_AT5G24110-AT3G12910-AT5G56960-AT2G37430,AT1G35230,0.003996003996004,0.00966775160323547,2
195,AT2G33710,AT1G35230,0.00799200799200799,0.0133200133200133,2
196,AT1G01060,AT1G35230,0.010989010989011,0.0160702806942361,2
197,mean_AT5G39610-AT3G15500,AT1G29640,0.000999000999000999,0.00403442711135019,2
198,mean_AT1G17460-AT5G57150-AT5G60100-AT5G48250-AT3G62090-AT5G63160-AT3G11020-AT1G11100-AT1G67370-AT1G74890,AT1G48700,0.000999000999000999,0.00403442711135019,2
199,AT4G00870,AT2G07727,0.000999000999000999,0.00403442711135019,2
200,mean_AT5G24110-AT3G12910-AT5G56960-AT2G37430,AT1G61360,0.001998001998002,0.00659717640849716,2
201,AT2G40740,AT1G61360,0.013986013986014,0.0185420639966094,2
202,mean_AT4G01720-AT5G46350,AT1G61360,0.017982017982018,0.0229139792246588,2
203,AT3G23230,AT1G61360,0.013986013986014,0.0185420639966094,2
204,mean_AT4G01720-AT5G46350,AT5G57220,0.000999000999000999,0.00403442711135019,2
205,mean_AT4G01720-AT5G46350,AT4G35110,0.010989010989011,0.0160702806942361,2
206,AT2G33710,AT4G35110,0.004995004995005,0.0107916774583441,2
207,AT2G40740,AT4G35110,0.003996003996004,0.00966775160323547,2
208,AT3G23230,AT5G44585,0.003996003996004,0.00966775160323547,2
209,AT2G33710,AT5G44585,0.003996003996004,0.00966775160323547,2
210,mean_AT4G01720-AT5G46350,AT5G48540,0.00699300699300699,0.0124875124875125,2
211,AT2G33710,AT5G48540,0.010989010989011,0.0160702806942361,2
212,AT1G01060,AT5G48540,0.00699300699300699,0.0124875124875125,2
213,AT2G40740,AT5G48540,0.00599400599400599,0.0117859668421466,2
214,AT4G00870,AT2G41480,0.000999000999000999,0.00403442711135019,2
215,mean_AT4G01720-AT5G46350,AT1G02930,0.00599400599400599,0.0117859668421466,2
216,mean_AT5G24110-AT3G12910-AT5G56960-AT2G37430,AT1G02930,0.000999000999000999,0.00403442711135019,2
217,AT2G40740,AT1G02930,0.013986013986014,0.0185420639966094,2
218,AT3G23230,AT1G02930,0.012987012987013,0.0177095631641086,2
219,AT4G21550,AT1G79770,0.000999000999000999,0.00403442711135019,2
220,mean_AT1G78930-AT5G44260,AT1G17170,0.000999000999000999,0.00403442711135019,2
221,mean_AT4G01720-AT5G46350,AT4G39610,0.000999000999000999,0.00403442711135019,2
222,AT1G01060,AT1G21120,0.00899100899100899,0.0143910967081699,2
223,mean_AT5G24110-AT3G12910-AT5G56960-AT2G37430,AT1G21120,0.002997002997003,0.00815246929236567,2
224,AT1G62300,AT1G21120,0.018981018981019,0.0239544109736417,2
225,AT2G40740,AT1G49000,0.00999000999000999,0.0151582521524718,2
226,AT1G62300,AT1G49000,0.004995004995005,0.0107916774583441,2
227,mean_AT5G24110-AT3G12910-AT5G56960-AT2G37430,AT1G49000,0.00599400599400599,0.0117859668421466,2
228,AT3G23230,AT5G05300,0.002997002997003,0.00815246929236567,2
229,AT1G01060,AT3G28220,0.000999000999000999,0.00403442711135019,2
230,AT3G23230,AT5G44910,0.00799200799200799,0.0133200133200133,2
231,AT1G62300,AT5G44910,0.022977022977023,0.0283167536688663,2
232,mean_AT5G24110-AT3G12910-AT5G56960-AT2G37430,AT5G44910,0.00899100899100899,0.0143910967081699,2
233,AT2G33710,AT5G44910,0.02997002997003,0.0365064170168579,2
234,mean_AT4G01720-AT5G46350,AT5G44910,0.01998001998002,0.0251547014136942,2
235,AT4G32280,AT1G32960,0.00599400599400599,0.0117859668421466,2
236,AT1G62300,AT1G32960,0.00999000999000999,0.0151582521524718,2
237,mean_AT4G01720-AT5G46350,AT1G32960,0.021978021978022,0.0272133526850508,2
238,AT2G40740,AT3G19930,0.00899100899100899,0.0143910967081699,2
239,mean_AT4G01720-AT5G46350,AT3G19930,0.00699300699300699,0.0124875124875125,2
240,mean_AT5G24110-AT3G12910-AT5G56960-AT2G37430,AT3G19930,0.011988011988012,0.0168280916944019,2
241,AT1G07050,AT1G62515,0.000999000999000999,0.00403442711135019,2
242,mean_AT5G24110-AT3G12910-AT5G56960-AT2G37430,AT4G11470,0.001998001998002,0.00659717640849716,2
243,AT2G33710,AT4G11470,0.011988011988012,0.0168280916944019,2
244,AT2G40740,AT1G66700,0.012987012987013,0.0177095631641086,2
245,AT3G23230,AT1G66700,0.018981018981019,0.0239544109736417,2
246,mean_AT5G24110-AT3G12910-AT5G56960-AT2G37430,AT1G66700,0.001998001998002,0.00659717640849716,2
247,AT1G62300,AT2G37980,0.002997002997003,0.00815246929236567,2
248,mean_AT4G01720-AT5G46350,AT2G37980,0.00599400599400599,0.0117859668421466,2
249,AT5G43290,AT2G37980,0.002997002997003,0.00815246929236567,2
250,mean_AT1G78930-AT5G44260,ATMG00060,0.036963036963037,0.0447133511649641,2
251,AT4G00870,ATMG00060,0.000999000999000999,0.00403442711135019,2
252,mean_AT5G39610-AT3G15500,AT4G01630,0.00599400599400599,0.0117859668421466,2
253,AT3G46640,AT4G01630,0.00599400599400599,0.0117859668421466,2
254,AT2G40740,AT5G38250,0.00999000999000999,0.0151582521524718,2
255,AT2G33710,AT5G38250,0.015984015984016,0.0207200207200207,2
256,mean_AT5G24110-AT3G12910-AT5G56960-AT2G37430,AT5G38250,0.002997002997003,0.00815246929236567,2
257,AT1G62300,AT5G38250,0.011988011988012,0.0168280916944019,2
258,AT3G51910,AT3G42800,0.002997002997003,0.00815246929236567,2
259,mean_AT2G26150-AT3G24500-AT4G11660-AT5G05410-AT3G23150,AT3G42800,0.023976023976024,0.0294098424939546,2
260,AT4G21550,AT5G61900,0.00699300699300699,0.0124875124875125,2
261,AT5G43290,AT5G61900,0.00999000999000999,0.0151582521524718,2
262,AT3G22100,AT5G61900,0.00999000999000999,0.0151582521524718,2
263,AT3G46640,AT4G06536,0.001998001998002,0.00659717640849716,2
264,mean_AT5G39610-AT3G15500,AT4G06536,0.003996003996004,0.00966775160323547,2
265,mean_AT5G24110-AT3G12910-AT5G56960-AT2G37430,AT2G29100,0.00999000999000999,0.0151582521524718,2
266,AT3G23230,AT2G29100,0.004995004995005,0.0107916774583441,2
267,AT2G40740,AT2G29100,0.013986013986014,0.0185420639966094,2
268,AT2G33710,AT2G29100,0.014985014985015,0.0196187852048201,2
269,AT2G40740,AT1G26410,0.003996003996004,0.00966775160323547,2
270,mean_AT4G01720-AT5G46350,AT1G26410,0.004995004995005,0.0107916774583441,2
271,mean_AT4G01720-AT5G46350,AT1G02920,0.002997002997003,0.00815246929236567,2
272,mean_AT5G24110-AT3G12910-AT5G56960-AT2G37430,AT1G02920,0.002997002997003,0.00815246929236567,2
273,AT1G62300,AT1G02920,0.011988011988012,0.0168280916944019,2
274,mean_AT5G39610-AT3G15500,AT3G03910,0.000999000999000999,0.00403442711135019,2
275,mean_AT4G01720-AT5G46350,AT1G62300,0.002997002997003,0.00815246929236567,2
276,mean_AT5G24110-AT3G12910-AT5G56960-AT2G37430,AT1G62300,0.00699300699300699,0.0124875124875125,2
277,AT2G33710,AT1G62300,0.00799200799200799,0.0133200133200133,2
278,AT1G01060,AT1G62300,0.013986013986014,0.0185420639966094,2
279,AT5G43290,AT1G62300,0.010989010989011,0.0160702806942361,2
280,AT3G22100,AT4G21550,0.000999000999000999,0.00403442711135019,2
281,AT5G43290,AT4G21550,0.001998001998002,0.00659717640849716,2
282,AT2G40740,AT5G65600,0.000999000999000999,0.00403442711135019,2
283,AT5G03720,AT2G17740,0.000999000999000999,0.00403442711135019,2
284,mean_AT4G01720-AT5G46350,AT2G33710,0.00599400599400599,0.0117859668421466,2
285,AT1G62300,AT2G33710,0.00799200799200799,0.0133200133200133,2
286,AT1G01060,AT2G33710,0.004995004995005,0.0107916774583441,2
287,AT5G24330,AT1G52530,0.000999000999000999,0.00403442711135019,2
288,mean_AT5G24110-AT3G12910-AT5G56960-AT2G37430,AT1G78860,0.011988011988012,0.0168280916944019,2
289,AT2G33710,AT1G78860,0.023976023976024,0.0294098424939546,2
290,AT3G23230,AT1G78860,0.010989010989011,0.0160702806942361,2
291,AT1G62300,AT1G78860,0.021978021978022,0.0272133526850508,2
292,mean_AT4G01720-AT5G46350,AT1G78860,0.003996003996004,0.00966775160323547,2
293,mean_AT1G17460-AT5G57150-AT5G60100-AT5G48250-AT3G62090-AT5G63160-AT3G11020-AT1G11100-AT1G67370-AT1G74890,AT4G13410,0.003996003996004,0.00966775160323547,2
294,mean_AT1G78930-AT5G44260,AT4G13410,0.00899100899100899,0.0143910967081699,2
295,mean_AT2G26150-AT3G24500-AT4G11660-AT5G05410-AT3G23150,AT4G13410,0.00699300699300699,0.0124875124875125,2
296,mean_AT5G39610-AT3G15500,AT1G68500,0.000999000999000999,0.00403442711135019,2
297,mean_AT5G24110-AT3G12910-AT5G56960-AT2G37430,AT1G51890,0.000999000999000999,0.00403442711135019,2
298,AT3G23230,AT1G51890,0.004995004995005,0.0107916774583441,2
299,AT2G33710,AT1G51890,0.013986013986014,0.0185420639966094,2
300,AT2G40740,AT1G17147,0.000999000999000999,0.00403442711135019,2
301,mean_AT5G24110-AT3G12910-AT5G56960-AT2G37430,AT1G17147,0.001998001998002,0.00659717640849716,2
302,mean_AT4G01720-AT5G46350,AT2G07835,0.000999000999000999,0.00403442711135019,2
303,AT2G33710,AT2G38860,0.00799200799200799,0.0133200133200133,2
304,AT1G62300,AT2G38860,0.00699300699300699,0.0124875124875125,2
305,mean_AT5G24110-AT3G12910-AT5G56960-AT2G37430,AT2G38860,0.00799200799200799,0.0133200133200133,2
306,mean_AT4G01720-AT5G46350,AT2G38860,0.00999000999000999,0.0151582521524718,2
307,AT2G40740,AT1G36622,0.000999000999000999,0.00403442711135019,2
308,mean_AT5G24110-AT3G12910-AT5G56960-AT2G37430,AT1G61560,0.012987012987013,0.0177095631641086,2
309,AT2G40740,AT1G61560,0.00599400599400599,0.0117859668421466,2
310,AT3G23230,AT1G61560,0.015984015984016,0.0207200207200207,2
311,AT2G33710,AT1G61560,0.00999000999000999,0.0151582521524718,2
312,mean_AT5G24110-AT3G12910-AT5G56960-AT2G37430,AT5G06570,0.012987012987013,0.0177095631641086,2
313,mean_AT4G01720-AT5G46350,AT5G06570,0.010989010989011,0.0160702806942361,2
314,AT2G33710,AT5G06570,0.021978021978022,0.0272133526850508,2
315,mean_AT4G01720-AT5G46350,AT5G48657,0.000999000999000999,0.00403442711135019,2
316,AT3G51910,AT2G20142,0.000999000999000999,0.00403442711135019,2
317,AT2G40740,AT5G44990,0.004995004995005,0.0107916774583441,2
318,AT1G01060,AT5G44990,0.011988011988012,0.0168280916944019,2
319,AT3G23230,AT5G01040,0.000999000999000999,0.00403442711135019,2
320,AT1G62300,AT5G37490,0.004995004995005,0.0107916774583441,2
321,mean_AT5G24110-AT3G12910-AT5G56960-AT2G37430,AT5G37490,0.00599400599400599,0.0117859668421466,2
322,AT1G62300,AT1G78410,0.001998001998002,0.00659717640849716,2
323,AT2G40740,AT1G78410,0.00699300699300699,0.0124875124875125,2
324,mean_AT5G24110-AT3G12910-AT5G56960-AT2G37430,AT1G78410,0.004995004995005,0.0107916774583441,2
325,AT1G01060,AT5G54720,0.000999000999000999,0.00403442711135019,2
326,AT5G24330,AT5G64401,0.000999000999000999,0.00403442711135019,2
327,mean_AT5G24110-AT3G12910-AT5G56960-AT2G37430,AT2G40095,0.004995004995005,0.0107916774583441,2
328,AT1G62300,AT2G40095,0.013986013986014,0.0185420639966094,2
329,mean_AT4G01720-AT5G46350,AT2G40095,0.003996003996004,0.00966775160323547,2
330,mean_AT5G24110-AT3G12910-AT5G56960-AT2G37430,AT2G25735,0.000999000999000999,0.00403442711135019,2
331,AT1G07050,AT3G22100,0.000999000999000999,0.00403442711135019,2
332,mean_AT4G01720-AT5G46350,AT5G46050,0.000999000999000999,0.00403442711135019,2
333,AT5G43290,AT5G46050,0.000999000999000999,0.00403442711135019,2
334,AT1G62300,AT5G59530,0.013986013986014,0.0185420639966094,2
335,mean_AT4G01720-AT5G46350,AT5G59530,0.004995004995005,0.0107916774583441,2
336,mean_AT5G24110-AT3G12910-AT5G56960-AT2G37430,AT5G59530,0.011988011988012,0.0168280916944019,2
337,AT2G40740,AT1G05675,0.000999000999000999,0.00403442711135019,2
338,AT3G23230,AT5G07760,0.00699300699300699,0.0124875124875125,2
339,mean_AT5G24110-AT3G12910-AT5G56960-AT2G37430,AT5G07760,0.00599400599400599,0.0117859668421466,2
340,AT1G01060,AT5G07760,0.012987012987013,0.0177095631641086,2
341,AT3G23230,AT2G28630,0.002997002997003,0.00815246929236567,2
342,AT1G01060,AT2G28630,0.00599400599400599,0.0117859668421466,2
343,mean_AT5G24110-AT3G12910-AT5G56960-AT2G37430,AT2G28630,0.001998001998002,0.00659717640849716,2
344,AT2G40740,AT2G47240,0.00599400599400599,0.0117859668421466,2
345,AT3G23230,AT2G47240,0.018981018981019,0.0239544109736417,2
346,mean_AT5G24110-AT3G12910-AT5G56960-AT2G37430,AT2G47240,0.012987012987013,0.0177095631641086,2
347,AT1G62300,AT2G47240,0.020979020979021,0.0262863628018759,2
348,AT1G62300,AT2G29110,0.000999000999000999,0.00403442711135019,2
349,mean_AT1G17460-AT5G57150-AT5G60100-AT5G48250-AT3G62090-AT5G63160-AT3G11020-AT1G11100-AT1G67370-AT1G74890,AT1G70640,0.000999000999000999,0.00403442711135019,2
350,mean_AT5G24110-AT3G12910-AT5G56960-AT2G37430,AT1G51920,0.000999000999000999,0.00403442711135019,2
351,AT2G40740,AT1G51920,0.001998001998002,0.00659717640849716,2
352,mean_AT1G17460-AT5G57150-AT5G60100-AT5G48250-AT3G62090-AT5G63160-AT3G11020-AT1G11100-AT1G67370-AT1G74890,AT5G07330,0.000999000999000999,0.00403442711135019,2
353,AT2G33710,AT2G30750,0.004995004995005,0.0107916774583441,2
354,AT1G62300,AT2G30750,0.002997002997003,0.00815246929236567,2
355,mean_AT4G01720-AT5G46350,AT3G14225,0.001998001998002,0.00659717640849716,2
356,mean_AT5G24110-AT3G12910-AT5G56960-AT2G37430,AT3G14225,0.002997002997003,0.00815246929236567,2
357,mean_AT4G01720-AT5G46350,AT5G25930,0.000999000999000999,0.00403442711135019,2
358,AT3G23230,AT2G02930,0.00899100899100899,0.0143910967081699,2
359,mean_AT5G24110-AT3G12910-AT5G56960-AT2G37430,AT2G02930,0.000999000999000999,0.00403442711135019,2
360,AT1G01060,AT2G39200,0.011988011988012,0.0168280916944019,2
361,AT1G62300,AT2G39200,0.00899100899100899,0.0143910967081699,2
362,AT3G23230,AT2G39200,0.010989010989011,0.0160702806942361,2
363,AT2G33710,AT2G39200,0.00799200799200799,0.0133200133200133,2
364,AT2G40740,AT3G23230,0.017982017982018,0.0229139792246588,2
365,mean_AT5G24110-AT3G12910-AT5G56960-AT2G37430,AT3G23230,0.002997002997003,0.00815246929236567,2
366,AT1G01060,AT3G23230,0.00699300699300699,0.0124875124875125,2
367,AT2G33710,AT3G23230,0.015984015984016,0.0207200207200207,2
368,AT1G62300,AT2G29720,0.003996003996004,0.00966775160323547,2
369,mean_AT5G24110-AT3G12910-AT5G56960-AT2G37430,AT2G29720,0.010989010989011,0.0160702806942361,2
370,mean_AT4G01720-AT5G46350,AT2G29720,0.00899100899100899,0.0143910967081699,2
371,AT2G40740,AT1G30730,0.00699300699300699,0.0124875124875125,2
372,mean_AT4G01720-AT5G46350,AT1G30730,0.000999000999000999,0.00403442711135019,2
373,AT3G07650,AT2G36750,0.000999000999000999,0.00403442711135019,2
374,mean_AT5G24110-AT3G12910-AT5G56960-AT2G37430,AT4G18253,0.00599400599400599,0.0117859668421466,2
375,AT1G62300,AT4G18253,0.00899100899100899,0.0143910967081699,2
376,AT2G33710,AT4G18253,0.010989010989011,0.0160702806942361,2
377,AT3G51910,AT3G22600,0.000999000999000999,0.00403442711135019,2
378,AT5G24330,AT5G14130,0.000999000999000999,0.00403442711135019,2
379,mean_AT4G01720-AT5G46350,AT4G23150,0.000999000999000999,0.00403442711135019,2
380,AT2G33710,AT3G15356,0.00599400599400599,0.0117859668421466,2
381,AT1G01060,AT3G15356,0.000999000999000999,0.00403442711135019,2
382,mean_AT5G24110-AT3G12910-AT5G56960-AT2G37430,AT1G21100,0.00699300699300699,0.0124875124875125,2
383,AT2G40740,AT1G21100,0.003996003996004,0.00966775160323547,2
384,AT1G62300,AT1G21100,0.017982017982018,0.0229139792246588,2
385,mean_AT5G24110-AT3G12910-AT5G56960-AT2G37430,AT1G16090,0.00699300699300699,0.0124875124875125,2
386,AT2G40740,AT1G16090,0.00799200799200799,0.0133200133200133,2
387,AT2G33710,AT1G16090,0.003996003996004,0.00966775160323547,2
388,mean_AT1G78930-AT5G44260,AT5G25260,0.000999000999000999,0.00403442711135019,2
389,AT3G51910,AT1G09080,0.000999000999000999,0.00403442711135019,2
390,mean_AT5G39610-AT3G15500,AT4G35160,0.001998001998002,0.00659717640849716,2
391,AT3G46640,AT4G35160,0.004995004995005,0.0107916774583441,2
392,AT3G46640,ATMG00830,0.000999000999000999,0.00403442711135019,2
393,AT1G62300,AT3G50170,0.024975024975025,0.0305638417526529,2
394,AT2G40740,AT3G50170,0.014985014985015,0.0196187852048201,2
395,mean_AT4G01720-AT5G46350,AT3G50170,0.002997002997003,0.00815246929236567,2
396,AT2G40740,AT4G15236,0.012987012987013,0.0177095631641086,2
397,AT5G43290,AT4G15236,0.012987012987013,0.0177095631641086,2
398,AT1G62300,AT4G15236,0.00599400599400599,0.0117859668421466,2
399,mean_AT4G01720-AT5G46350,AT4G15236,0.011988011988012,0.0168280916944019,2
400,AT4G32280,AT2G25440,0.000999000999000999,0.00403442711135019,2
401,AT5G43290,AT4G08770,0.000999000999000999,0.00403442711135019,2
402,AT5G43290,AT4G33980,0.000999000999000999,0.00403442711135019,2
403,mean_AT1G17460-AT5G57150-AT5G60100-AT5G48250-AT3G62090-AT5G63160-AT3G11020-AT1G11100-AT1G67370-AT1G74890,AT4G23290,0.000999000999000999,0.00403442711135019,2
404,mean_AT1G78930-AT5G44260,ATMG00580,0.000999000999000999,0.00403442711135019,2
405,AT1G62300,AT4G18430,0.002997002997003,0.00815246929236567,2
406,mean_AT5G24110-AT3G12910-AT5G56960-AT2G37430,AT4G18430,0.004995004995005,0.0107916774583441,2
407,AT2G40740,AT3G19010,0.000999000999000999,0.00403442711135019,2
408,AT2G34440,AT2G24535,0.001998001998002,0.00659717640849716,2
409,mean_AT2G26150-AT3G24500-AT4G11660-AT5G05410-AT3G23150,AT2G24535,0.000999000999000999,0.00403442711135019,2
410,AT3G07650,AT1G33860,0.000999000999000999,0.00403442711135019,2
411,mean_AT5G39610-AT3G15500,AT1G33860,0.003996003996004,0.00966775160323547,2
412,mean_AT4G01720-AT5G46350,AT1G69920,0.004995004995005,0.0107916774583441,2
413,AT5G43290,AT1G69920,0.00799200799200799,0.0133200133200133,2
414,mean_AT4G01720-AT5G46350,AT4G18250,0.000999000999000999,0.00403442711135019,2
415,AT4G28140,AT5G03130,0.000999000999000999,0.00403442711135019,2
416,AT1G07050,AT2G36730,0.000999000999000999,0.00403442711135019,2
417,mean_AT4G01720-AT5G46350,AT1G33030,0.000999000999000999,0.00403442711135019,2
418,AT5G43290,AT4G30090,0.000999000999000999,0.00403442711135019,2
419,AT3G51910,AT3G45940,0.000999000999000999,0.00403442711135019,2
420,AT3G22100,AT3G29637,0.000999000999000999,0.00403442711135019,2
421,AT3G46640,ATMG01190,0.000999000999000999,0.00403442711135019,2
422,AT1G62300,AT2G40180,0.000999000999000999,0.00403442711135019,2
423,mean_AT4G01720-AT5G46350,AT1G56550,0.000999000999000999,0.00403442711135019,2
424,mean_AT5G24110-AT3G12910-AT5G56960-AT2G37430,AT3G48850,0.000999000999000999,0.00403442711135019,2
425,AT5G44210,AT1G14880,0.000999000999000999,0.00403442711135019,2
426,AT2G33710,AT2G24600,0.000999000999000999,0.00403442711135019,2
427,AT1G62300,AT3G49620,0.000999000999000999,0.00403442711135019,2
428,mean_AT4G01720-AT5G46350,AT5G38900,0.000999000999000999,0.00403442711135019,2
429,mean_AT5G39610-AT3G15500,AT2G40710,0.017982017982018,0.0229139792246588,2
430,AT3G07650,AT2G40710,0.003996003996004,0.00966775160323547,2
431,mean_AT1G17460-AT5G57150-AT5G60100-AT5G48250-AT3G62090-AT5G63160-AT3G11020-AT1G11100-AT1G67370-AT1G74890,ATMG01220,0.000999000999000999,0.00403442711135019,2
432,AT3G23230,AT1G01340,0.000999000999000999,0.00403442711135019,2
433,AT4G00870,AT3G50140,0.000999000999000999,0.00403442711135019,2
434,AT1G62300,AT5G61160,0.000999000999000999,0.00403442711135019,2
